Entity ID,Acquisition Date,Mission,Frame,Direction Flag,Image Type,Camera Type,Camera Resolution,Film Type,Generation,Polarity,Down Load Available,Center Latitude,Center Longitude,NW Corner Lat,NW Corner Long,NE Corner Lat,NE Corner Long,SE Corner Lat,SE Corner Long,SW Corner Lat,SW Corner Long,Center Latitude dec,Center Longitude dec,NW Cormer Lat dec,NW Corner Long dec,NE Corner Lat dec,NE Corner Long dec,SE Corner Lat dec,SE Corner Long dec,SW Corner Lat dec,SW Corner Long dec,Display ID
DS1105-1086DA136,1968/11/09,1105-1,136,086D,1,Aft,Stereo High,Black and White,2,Negative,1,30°16'12"N,119°07'22.80"E,30°12'00"N,117°55'58.80"E,30°27'57.60"N,120°18'00"E,30°18'57.60"N,120°16'58.80"E,30°04'58.80"N,117°58'58.80"E,30.27,119.123,30.2,117.933,30.466,120.3,30.316,120.283,30.083,117.983,DS1105-1086DA136
DS1105-1086DA137,1968/11/09,1105-1,137,086D,1,Aft,Stereo High,Black and White,2,Negative,1,30°08'24"N,119°08'09.60"E,30°03'57.60"N,117°57'00"E,30°19'58.80"N,120°18'00"E,30°12'00"N,120°18'00"E,29°57'00"N,118°00'00"E,30.14,119.136,30.066,117.95,30.333,120.3,30.2,120.3,29.95,118,DS1105-1086DA137
DS1105-1086DA138,1968/11/09,1105-1,138,086D,1,Aft,Stereo High,Black and White,2,Negative,1,30°01'12"N,119°08'52.80"E,29°57'00"N,117°57'57.60"E,30°12'57.60"N,120°18'57.60"E,30°04'58.80"N,120°18'00"E,29°48'57.60"N,118°00'57.60"E,30.02,119.148,29.95,117.966,30.216,120.316,30.083,120.3,29.816,118.016,DS1105-1086DA138
DS1105-1086DF130,1968/11/09,1105-1,130,086D,1,Forward,Stereo High,Black and White,2,Negative,1,30°15'00"N,119°05'38.40"E,30°09'57.60"N,117°55'58.80"E,30°27'00"N,120°13'58.80"E,30°18'57.60"N,120°16'58.80"E,30°01'58.80"N,117°55'58.80"E,30.25,119.094,30.166,117.933,30.45,120.233,30.316,120.283,30.033,117.933,DS1105-1086DF130
DS1105-1086DF131,1968/11/09,1105-1,131,086D,1,Forward,Stereo High,Black and White,2,Negative,1,30°07'12"N,119°05'52.80"E,30°03'57.60"N,117°55'58.80"E,30°18'00"N,120°15'00"E,30°09'57.60"N,120°16'58.80"E,29°55'58.80"N,117°55'58.80"E,30.12,119.098,30.066,117.933,30.3,120.25,30.166,120.283,29.933,117.933,DS1105-1086DF131
DS1105-1086DF132,1968/11/09,1105-1,132,086D,1,Forward,Stereo High,Black and White,2,Negative,1,29°59'24"N,119°06'39.60"E,29°55'58.80"N,117°57'00"E,30°09'57.60"N,120°15'00"E,30°01'58.80"N,120°18'00"E,29°48'00"N,117°57'00"E,29.99,119.111,29.933,117.95,30.166,120.25,30.033,120.3,29.8,117.95,DS1105-1086DF132
DS1105-2231DA091,1968/11/18,1105-2,91,231D,1,Aft,Stereo High,Black and White,2,Negative,1,30°25'12"N,120°38'09.60"E,30°21'57.60"N,119°27'57.60"E,30°36'00"N,121°46'58.80"E,30°27'57.60"N,121°46'58.80"E,30°13'58.80"N,119°30'57.60"E,30.42,120.636,30.366,119.466,30.6,121.783,30.466,121.783,30.233,119.516,DS1105-2231DA091
DS1105-2231DA092,1968/11/18,1105-2,92,231D,1,Aft,Stereo High,Black and White,2,Negative,1,30°18'00"N,120°38'52.80"E,30°13'58.80"N,119°28'58.80"E,30°28'58.80"N,121°48'00"E,30°21'00"N,121°46'58.80"E,30°06'00"N,119°31'58.80"E,30.3,120.648,30.233,119.483,30.483,121.8,30.35,121.783,30.1,119.533,DS1105-2231DA092
DS1105-2231DA093,1968/11/18,1105-2,93,231D,1,Aft,Stereo High,Black and White,2,Negative,1,30°10'12"N,120°39'54"E,30°06'00"N,119°30'00"E,30°21'57.60"N,121°48'57.60"E,30°13'58.80"N,121°48'00"E,29°57'57.60"N,119°33'00"E,30.17,120.665,30.1,119.5,30.366,121.816,30.233,121.8,29.966,119.55,DS1105-2231DA093
DS1105-2231DF085,1968/11/18,1105-2,85,231D,1,Forward,Stereo High,Black and White,2,Negative,1,30°24'36"N,120°36'21.60"E,30°19'58.80"N,119°27'57.60"E,30°36'00"N,121°43'58.80"E,30°28'58.80"N,121°45'57.60"E,30°12'00"N,119°27'57.60"E,30.41,120.606,30.333,119.466,30.6,121.733,30.483,121.766,30.2,119.466,DS1105-2231DF085
DS1105-2231DF086,1968/11/18,1105-2,86,231D,1,Forward,Stereo High,Black and White,2,Negative,1,30°17'24"N,120°36'39.60"E,30°13'58.80"N,119°27'57.60"E,30°27'57.60"N,121°43'58.80"E,30°19'58.80"N,121°46'58.80"E,30°06'00"N,119°27'57.60"E,30.29,120.611,30.233,119.466,30.466,121.733,30.333,121.783,30.1,119.466,DS1105-2231DF086
DS1105-2231DF087,1968/11/18,1105-2,87,231D,1,Forward,Stereo High,Black and White,2,Negative,1,30°09'00"N,120°37'40.80"E,30°06'00"N,119°28'58.80"E,30°19'58.80"N,121°45'00"E,30°12'00"N,121°48'00"E,29°57'57.60"N,119°28'58.80"E,30.15,120.628,30.1,119.483,30.333,121.75,30.2,121.8,29.966,119.483,DS1105-2231DF087
DS1106-2086DA079,1969/02/11,1106-2,79,086D,1,Aft,Stereo High,Black and White,2,Negative,1,30°22'12"N,120°47'06"E,30°18'00"N,119°37'58.80"E,30°33'57.60"N,121°54'57.60"E,30°25'58.80"N,121°54'57.60"E,30°09'57.60"N,119°40'58.80"E,30.37,120.785,30.3,119.633,30.566,121.916,30.433,121.916,30.166,119.683,DS1106-2086DA079
DS1106-2086DA080,1969/02/11,1106-2,80,086D,1,Aft,Stereo High,Black and White,2,Negative,1,30°14'24"N,120°48'07.20"E,30°09'00"N,119°39'00"E,30°27'00"N,121°55'58.80"E,30°18'57.60"N,121°55'58.80"E,30°01'58.80"N,119°42'00"E,30.24,120.802,30.15,119.65,30.45,121.933,30.316,121.933,30.033,119.7,DS1106-2086DA080
DS1106-2086DA081,1969/02/11,1106-2,81,086D,1,Aft,Stereo High,Black and White,2,Negative,1,30°07'12"N,120°49'37.20"E,30°03'00"N,119°40'58.80"E,30°18'57.60"N,121°57'57.60"E,30°10'58.80"N,121°57'00"E,29°54'57.60"N,119°42'57.60"E,30.12,120.827,30.05,119.683,30.316,121.966,30.183,121.95,29.916,119.716,DS1106-2086DA081
DS1106-2086DF072,1969/02/11,1106-2,72,086D,1,Forward,Stereo High,Black and White,2,Negative,1,30°24'36"N,120°47'38.40"E,30°19'58.80"N,119°39'57.60"E,30°36'57.60"N,121°54'00"E,30°28'58.80"N,121°57'00"E,30°12'00"N,119°39'57.60"E,30.41,120.794,30.333,119.666,30.616,121.9,30.483,121.95,30.2,119.666,DS1106-2086DF072
DS1106-2086DF073,1969/02/11,1106-2,73,086D,1,Forward,Stereo High,Black and White,2,Negative,1,30°17'24"N,120°48'54"E,30°12'57.60"N,119°42'00"E,30°28'58.80"N,121°54'57.60"E,30°21'00"N,121°57'57.60"E,30°04'58.80"N,119°40'58.80"E,30.29,120.815,30.216,119.7,30.483,121.916,30.35,121.966,30.083,119.683,DS1106-2086DF073
DS1106-2086DF074,1969/02/11,1106-2,74,086D,1,Forward,Stereo High,Black and White,2,Negative,1,30°09'36"N,120°49'51.60"E,30°04'58.80"N,119°42'57.60"E,30°21'00"N,121°55'58.80"E,30°13'58.80"N,121°58'58.80"E,29°57'00"N,119°42'00"E,30.16,120.831,30.083,119.716,30.35,121.933,30.233,121.983,29.95,119.7,DS1106-2086DF074
DS1108-1070DA083,1969/12/09,1108-1,83,070D,1,Aft,Stereo High,Black and White,2,Negative,1,30°22'48"N,120°34'51.60"E,30°16'58.80"N,119°15'57.60"E,30°36'00"N,121°52'58.80"E,30°27'00"N,121°51'57.60"E,30°09'00"N,119°18'57.60"E,30.38,120.581,30.283,119.266,30.6,121.883,30.45,121.866,30.15,119.316,DS1108-1070DA083
DS1108-1070DA084,1969/12/09,1108-1,84,070D,1,Aft,Stereo High,Black and White,2,Negative,1,30°13'12"N,120°36'21.60"E,30°07'58.80"N,119°16'58.80"E,30°25'58.80"N,121°54'00"E,30°16'58.80"N,121°54'00"E,30°00'00"N,119°21'00"E,30.22,120.606,30.133,119.283,30.433,121.9,30.283,121.9,30,119.35,DS1108-1070DA084
DS1108-1070DF077,1969/12/09,1108-1,77,070D,1,Forward,Stereo High,Black and White,2,Negative,1,30°27'00"N,120°34'37.20"E,30°21'57.60"N,119°16'58.80"E,30°39'57.60"N,121°51'00"E,30°30'57.60"N,121°54'00"E,30°12'57.60"N,119°16'58.80"E,30.45,120.577,30.366,119.283,30.666,121.85,30.516,121.9,30.216,119.283,DS1108-1070DF077
DS1108-1070DF078,1969/12/09,1108-1,78,070D,1,Forward,Stereo High,Black and White,2,Negative,1,30°18'00"N,120°35'52.80"E,30°12'57.60"N,119°18'57.60"E,30°30'57.60"N,121°51'57.60"E,30°21'57.60"N,121°54'57.60"E,30°03'57.60"N,119°18'00"E,30.3,120.598,30.216,119.316,30.516,121.866,30.366,121.916,30.066,119.3,DS1108-1070DF078
DS1108-1070DF079,1969/12/09,1108-1,79,070D,1,Forward,Stereo High,Black and White,2,Negative,1,30°09'00"N,120°37'08.40"E,30°03'57.60"N,119°19'58.80"E,30°21'57.60"N,121°52'58.80"E,30°12'57.60"N,121°55'58.80"E,29°54'57.60"N,119°19'58.80"E,30.15,120.619,30.066,119.333,30.366,121.883,30.216,121.933,29.916,119.333,DS1108-1070DF079
DS1116-2183DA024,1972/05/01,1116-2,24,183D,1,Aft,Stereo High,Black and White,2,Negative,1,30°19'48"N,119°50'24"E,30°16'15.60"N,118°46'33.60"E,30°30'57.60"N,120°53'09.60"E,30°22'30"N,120°52'51.60"E,30°08'13.20"N,118°49'26.40"E,30.33,119.84,30.271,118.776,30.516,120.886,30.375,120.881,30.137,118.824,DS1116-2183DA024
DS1116-2183DA025,1972/05/01,1116-2,25,183D,1,Aft,Stereo High,Black and White,2,Negative,1,30°12'36"N,119°51'14.40"E,30°08'38.40"N,118°47'34.80"E,30°24'00"N,120°53'49.20"E,30°15'36"N,120°53'31.20"E,30°00'36"N,118°50'27.60"E,30.21,119.854,30.144,118.793,30.4,120.897,30.26,120.892,30.01,118.841,DS1116-2183DA025
DS1116-2183DA026,1972/05/01,1116-2,26,183D,1,Aft,Stereo High,Black and White,2,Negative,1,30°05'24"N,119°52'08.40"E,30°01'04.80"N,118°48'28.80"E,30°16'58.80"N,120°54'36"E,30°08'31.20"N,120°54'18"E,29°53'02.40"N,118°51'28.80"E,30.09,119.869,30.018,118.808,30.283,120.91,30.142,120.905,29.884,118.858,DS1116-2183DA026
DS1116-2183DF018,1972/05/01,1116-2,18,183D,1,Forward,Stereo High,Black and White,2,Negative,1,30°16'48"N,119°51'28.80"E,30°13'58.80"N,118°49'08.40"E,30°27'57.60"N,120°52'37.20"E,30°19'48"N,120°55'30"E,30°05'27.60"N,118°48'54"E,30.28,119.858,30.233,118.819,30.466,120.877,30.33,120.925,30.091,118.815,DS1116-2183DF018
DS1116-2183DF019,1972/05/01,1116-2,19,183D,1,Forward,Stereo High,Black and White,2,Negative,1,30°09'36"N,119°52'37.20"E,30°06'21.60"N,118°50'24"E,30°20'52.80"N,120°53'42"E,30°12'46.80"N,120°56'27.60"E,29°57'54"N,118°50'13.20"E,30.16,119.877,30.106,118.84,30.348,120.895,30.213,120.941,29.965,118.837,DS1116-2183DF019
DS1116-2183DF020,1972/05/01,1116-2,20,183D,1,Forward,Stereo High,Black and White,2,Negative,1,30°02'24"N,119°53'31.20"E,29°59'24"N,118°51'18"E,30°13'12"N,120°54'36"E,30°05'06"N,120°57'18"E,29°50'52.80"N,118°51'03.60"E,30.04,119.892,29.99,118.855,30.22,120.91,30.085,120.955,29.848,118.851,DS1116-2183DF020
