Entity ID,Acquisition Date,Mission,Frame Number,Image Type,Camera,Camera Resolution,Film Type,Generation,Polarity,Operations Number,Download Available,Center Latitude,Center Longitude,NW Corner Lat,NW Corner Long,NE Corner Lat,NE Corner Long,SE Corner Lat,SE Corner Long,SW Corner Lat,SW Corner Long,Center Latitude dec,Center Longitude dec,NW Corner Lat dec,NW Corner Long dec,NE Corner Lat dec,NE Corner Long dec,SE Corner Lat dec,SE Corner Long dec,SW Corner Lat dec,SW Corner Long dec,Display ID
D3C1201-400400F017,1971/07/15,1201-4,17,Black and White,F,2 to 4 feet,6,2,Negative,400,1,30°05'56.40"N,121°36'10.80"E,30°27'50.40"N,119°40'12"E,29°59'02.40"N,123°34'55.20"E,29°43'48"N,123°35'16.80"E,30°13'12"N,119°34'51.60"E,30.099,121.603,30.464,119.67,29.984,123.582,29.73,123.588,30.22,119.581,D3C1201-400400F017
D3C1201-400400F018,1971/07/15,1201-4,18,Black and White,F,2 to 4 feet,6,2,Negative,400,1,29°55'58.80"N,121°34'08.40"E,30°17'49.20"N,119°38'16.80"E,29°49'04.80"N,123°32'38.40"E,29°33'50.40"N,123°33'03.60"E,30°03'14.40"N,119°32'56.40"E,29.933,121.569,30.297,119.638,29.818,123.544,29.564,123.551,30.054,119.549,D3C1201-400400F018
D3C1203-200182A027,1972/07/19,1203-2,27,Black and White,A,2 to 4 feet,6,2,Negative,182,1,30°49'30"N,117°07'51.60"E,31°24'18"N,113°34'51.60"E,30°35'38.40"N,120°44'16.80"E,30°15'36"N,120°32'06"E,31°02'02.40"N,113°41'06"E,30.825,117.131,31.405,113.581,30.594,120.738,30.26,120.535,31.034,113.685,D3C1203-200182A027
D3C1203-200182A028,1972/07/19,1203-2,28,Black and White,A,2 to 4 feet,6,2,Negative,182,1,30°39'54"N,117°05'42"E,31°14'38.40"N,113°33'10.80"E,30°26'06"N,120°41'42"E,30°06'03.60"N,120°29'31.20"E,30°52'22.80"N,113°39'21.60"E,30.665,117.095,31.244,113.553,30.435,120.695,30.101,120.492,30.873,113.656,D3C1203-200182A028
D3C1203-200182A029,1972/07/19,1203-2,29,Black and White,A,2 to 4 feet,6,2,Negative,182,1,30°30'18"N,117°03'39.60"E,31°04'55.20"N,113°31'26.40"E,30°16'33.60"N,120°39'07.20"E,29°56'31.20"N,120°27'00"E,30°42'43.20"N,113°37'37.20"E,30.505,117.061,31.082,113.524,30.276,120.652,29.942,120.45,30.712,113.627,D3C1203-200182A029
D3C1203-200182A030,1972/07/19,1203-2,30,Black and White,A,2 to 4 feet,6,2,Negative,182,1,30°20'38.40"N,117°01'22.80"E,30°55'15.60"N,113°29'42"E,30°06'57.60"N,120°36'32.40"E,29°46'58.80"N,120°24'25.20"E,30°33'03.60"N,113°35'52.80"E,30.344,117.023,30.921,113.495,30.116,120.609,29.783,120.407,30.551,113.598,D3C1203-200182A030
D3C1203-200182F026,1972/07/19,1203-2,26,Black and White,F,2 to 4 feet,6,2,Negative,182,1,30°51'03.60"N,117°10'19.20"E,31°28'26.40"N,113°46'37.20"E,30°35'20.40"N,120°38'31.20"E,30°12'54"N,120°42'18"E,31°07'48"N,113°35'02.40"E,30.851,117.172,31.474,113.777,30.589,120.642,30.215,120.705,31.13,113.584,D3C1203-200182F026
D3C1203-200182F027,1972/07/19,1203-2,27,Black and White,F,2 to 4 feet,6,2,Negative,182,1,30°41'27.60"N,117°08'16.80"E,31°18'46.80"N,113°44'52.80"E,30°25'48"N,120°35'56.40"E,30°03'21.60"N,120°39'43.20"E,30°58'12"N,113°33'18"E,30.691,117.138,31.313,113.748,30.43,120.599,30.056,120.662,30.97,113.555,D3C1203-200182F027
D3C1203-200182F028,1972/07/19,1203-2,28,Black and White,F,2 to 4 feet,6,2,Negative,182,1,30°31'51.60"N,117°06'07.20"E,31°09'07.20"N,113°43'12"E,30°16'15.60"N,120°33'21.60"E,29°53'49.20"N,120°37'08.40"E,30°48'32.40"N,113°31'37.20"E,30.531,117.102,31.152,113.72,30.271,120.556,29.897,120.619,30.809,113.527,D3C1203-200182F028
D3C1203-200182F029,1972/07/19,1203-2,29,Black and White,F,2 to 4 feet,6,2,Negative,182,1,30°22'19.20"N,117°03'54"E,30°59'27.60"N,113°41'27.60"E,30°06'43.20"N,120°30'50.40"E,29°44'20.40"N,120°34'33.60"E,30°38'52.80"N,113°29'52.80"E,30.372,117.065,30.991,113.691,30.112,120.514,29.739,120.576,30.648,113.498,D3C1203-200182F029
D3C1203-200195A019,1972/07/20,1203-2,19,Black and White,A,2 to 4 feet,6,2,Negative,195,1,30°21'39.60"N,120°37'19.20"E,30°46'01.20"N,118°30'54"E,30°11'09.60"N,123°08'45.60"E,29°59'42"N,123°05'34.80"E,30°23'52.80"N,118°37'08.40"E,30.361,120.622,30.767,118.515,30.186,123.146,29.995,123.093,30.398,118.619,D3C1203-200195A019
D3C1203-200195A020,1972/07/20,1203-2,20,Black and White,A,2 to 4 feet,6,2,Negative,195,1,30°12'07.20"N,120°35'31.20"E,30°36'25.20"N,118°29'09.60"E,30°01'37.20"N,123°06'32.40"E,29°50'09.60"N,123°03'18"E,30°14'20.40"N,118°35'27.60"E,30.202,120.592,30.607,118.486,30.027,123.109,29.836,123.055,30.239,118.591,D3C1203-200195A020
D3C1203-200195A021,1972/07/20,1203-2,21,Black and White,A,2 to 4 feet,6,2,Negative,195,1,30°02'31.20"N,120°33'25.20"E,30°26'49.20"N,118°27'28.80"E,29°52'04.80"N,123°04'15.60"E,29°40'40.80"N,123°01'04.80"E,30°04'44.40"N,118°33'43.20"E,30.042,120.557,30.447,118.458,29.868,123.071,29.678,123.018,30.079,118.562,D3C1203-200195A021
D3C1203-200195F019,1972/07/20,1203-2,19,Black and White,F,2 to 4 feet,6,2,Negative,195,1,30°15'46.80"N,120°38'13.20"E,30°40'30"N,118°41'24"E,30°03'57.60"N,123°07'58.80"E,29°52'15.60"N,123°07'08.40"E,30°20'06"N,118°30'07.20"E,30.263,120.637,30.675,118.69,30.066,123.133,29.871,123.119,30.335,118.502,D3C1203-200195F019
D3C1203-200195F020,1972/07/20,1203-2,20,Black and White,F,2 to 4 feet,6,2,Negative,195,1,30°06'14.40"N,120°36'10.80"E,30°30'57.60"N,118°39'28.80"E,29°54'28.80"N,123°05'42"E,29°42'46.80"N,123°04'51.60"E,30°10'33.60"N,118°28'15.60"E,30.104,120.603,30.516,118.658,29.908,123.095,29.713,123.081,30.176,118.471,D3C1203-200195F020
D3C1203-200195F021,1972/07/20,1203-2,21,Black and White,F,2 to 4 feet,6,2,Negative,195,1,29°56'42"N,120°34'12"E,30°21'21.60"N,118°37'40.80"E,29°44'56.40"N,123°03'25.20"E,29°33'14.40"N,123°02'34.80"E,30°01'01.20"N,118°26'24"E,29.945,120.57,30.356,118.628,29.749,123.057,29.554,123.043,30.017,118.44,D3C1203-200195F021
D3C1204-100047A023,1972/10/14,1204-1,23,Black and White,A,2 to 4 feet,6,2,Negative,47,1,30°29'13.20"N,119°22'44.40"E,30°46'12"N,117°36'36"E,30°28'37.20"N,120°52'58.80"E,30°10'12"N,120°41'56.40"E,30°36'46.80"N,117°35'16.80"E,30.487,119.379,30.77,117.61,30.477,120.883,30.17,120.699,30.613,117.588,D3C1204-100047A023
D3C1204-100047A024,1972/10/14,1204-1,24,Black and White,A,2 to 4 feet,6,2,Negative,47,1,30°20'20.40"N,119°20'45.60"E,30°37'15.60"N,117°34'40.80"E,30°19'48"N,120°50'42"E,30°01'22.80"N,120°39'39.60"E,30°27'54"N,117°33'25.20"E,30.339,119.346,30.621,117.578,30.33,120.845,30.023,120.661,30.465,117.557,D3C1204-100047A024
D3C1204-100047A025,1972/10/14,1204-1,25,Black and White,A,2 to 4 feet,6,2,Negative,47,1,30°11'27.60"N,119°18'36"E,30°28'22.80"N,117°32'45.60"E,30°10'55.20"N,120°48'28.80"E,29°52'33.60"N,120°37'26.40"E,30°19'01.20"N,117°31'30"E,30.191,119.31,30.473,117.546,30.182,120.808,29.876,120.624,30.317,117.525,D3C1204-100047A025
D3C1204-100047A026,1972/10/14,1204-1,26,Black and White,A,2 to 4 feet,6,2,Negative,47,1,30°02'34.80"N,119°16'30"E,30°19'30"N,117°30'54"E,30°02'06"N,120°46'12"E,29°43'40.80"N,120°35'13.20"E,30°10'04.80"N,117°29'38.40"E,30.043,119.275,30.325,117.515,30.035,120.77,29.728,120.587,30.168,117.494,D3C1204-100047A026
D3C1204-100047F022,1972/10/14,1204-1,22,Black and White,F,2 to 4 feet,6,2,Negative,47,1,30°30'10.80"N,119°25'01.20"E,30°49'44.40"N,117°39'25.20"E,30°28'40.80"N,120°47'24"E,30°08'20.40"N,120°50'42"E,30°40'26.40"N,117°37'51.60"E,30.503,119.417,30.829,117.657,30.478,120.79,30.139,120.845,30.674,117.631,D3C1204-100047F022
D3C1204-100047F023,1972/10/14,1204-1,23,Black and White,F,2 to 4 feet,6,2,Negative,47,1,30°21'21.60"N,119°22'55.20"E,30°40'51.60"N,117°37'33.60"E,30°19'51.60"N,120°45'07.20"E,29°59'31.20"N,120°48'25.20"E,30°31'33.60"N,117°35'56.40"E,30.356,119.382,30.681,117.626,30.331,120.752,29.992,120.807,30.526,117.599,D3C1204-100047F023
D3C1204-100047F024,1972/10/14,1204-1,24,Black and White,F,2 to 4 feet,6,2,Negative,47,1,30°12'28.80"N,119°20'49.20"E,30°31'58.80"N,117°35'38.40"E,30°10'58.80"N,120°42'54"E,29°50'38.40"N,120°46'12"E,30°22'40.80"N,117°34'01.20"E,30.208,119.347,30.533,117.594,30.183,120.715,29.844,120.77,30.378,117.567,D3C1204-100047F024
D3C1204-100047F025,1972/10/14,1204-1,25,Black and White,F,2 to 4 feet,6,2,Negative,47,1,30°03'39.60"N,119°18'43.20"E,30°23'06"N,117°33'43.20"E,30°02'09.60"N,120°40'37.20"E,29°41'49.20"N,120°43'55.20"E,30°13'48"N,117°32'09.60"E,30.061,119.312,30.385,117.562,30.036,120.677,29.697,120.732,30.23,117.536,D3C1204-100047F025
D3C1204-400530A045,1972/11/24,1204-4,45,Black and White,A,2 to 4 feet,6,2,Negative,530,1,30°23'45.60"N,119°17'49.20"E,30°40'55.20"N,117°32'24"E,30°19'30"N,121°05'20.40"E,30°06'50.40"N,121°00'32.40"E,30°27'28.80"N,117°33'50.40"E,30.396,119.297,30.682,117.54,30.325,121.089,30.114,121.009,30.458,117.564,D3C1204-400530A045
D3C1204-400530A046,1972/11/24,1204-4,46,Black and White,A,2 to 4 feet,6,2,Negative,530,1,30°15'03.60"N,119°16'04.80"E,30°32'13.20"N,117°30'43.20"E,30°10'51.60"N,121°03'21.60"E,29°58'08.40"N,120°58'33.60"E,30°18'46.80"N,117°32'09.60"E,30.251,119.268,30.537,117.512,30.181,121.056,29.969,120.976,30.313,117.536,D3C1204-400530A046
D3C1204-400530A047,1972/11/24,1204-4,47,Black and White,A,2 to 4 feet,6,2,Negative,530,1,30°06'21.60"N,119°14'13.20"E,30°23'31.20"N,117°29'02.40"E,30°02'13.20"N,121°01'22.80"E,29°49'30"N,120°56'34.80"E,30°10'04.80"N,117°30'28.80"E,30.106,119.237,30.392,117.484,30.037,121.023,29.825,120.943,30.168,117.508,D3C1204-400530A047
D3C1204-400530F044,1972/11/24,1204-4,44,Black and White,F,2 to 4 feet,6,2,Negative,530,1,30°26'45.60"N,119°20'31.20"E,30°45'43.20"N,117°38'42"E,30°20'49.20"N,121°04'48"E,30°07'33.60"N,121°05'02.40"E,30°32'56.40"N,117°34'04.80"E,30.446,119.342,30.762,117.645,30.347,121.08,30.126,121.084,30.549,117.568,D3C1204-400530F044
D3C1204-400530F045,1972/11/24,1204-4,45,Black and White,F,2 to 4 feet,6,2,Negative,530,1,30°18'03.60"N,119°18'36"E,30°37'04.80"N,117°37'01.20"E,30°12'07.20"N,121°02'49.20"E,29°58'51.60"N,121°03'03.60"E,30°24'14.40"N,117°32'24"E,30.301,119.31,30.618,117.617,30.202,121.047,29.981,121.051,30.404,117.54,D3C1204-400530F045
D3C1204-400530F046,1972/11/24,1204-4,46,Black and White,F,2 to 4 feet,6,2,Negative,530,1,30°09'25.20"N,119°16'51.60"E,30°28'22.80"N,117°35'20.40"E,30°03'28.80"N,121°00'50.40"E,29°50'13.20"N,121°01'04.80"E,30°15'36"N,117°30'46.80"E,30.157,119.281,30.473,117.589,30.058,121.014,29.837,121.018,30.26,117.513,D3C1204-400530F046
D3C1205-100090A016,1973/03/18,1205-1,16,Black and White,A,2 to 4 feet,6,2,Negative,90,1,30°16'37.20"N,120°32'06"E,30°33'00"N,119°09'46.80"E,30°12'14.40"N,122°13'26.40"E,30°03'28.80"N,122°12'25.20"E,30°13'58.80"N,119°15'18"E,30.277,120.535,30.55,119.163,30.204,122.224,30.058,122.207,30.233,119.255,D3C1205-100090A016
D3C1205-100090A017,1973/03/18,1205-1,17,Black and White,A,2 to 4 feet,6,2,Negative,90,1,30°08'16.80"N,120°30'36"E,30°24'39.60"N,119°08'24"E,30°03'54"N,122°11'49.20"E,29°55'08.40"N,122°10'48"E,30°05'34.80"N,119°13'58.80"E,30.138,120.51,30.411,119.14,30.065,122.197,29.919,122.18,30.093,119.233,D3C1205-100090A017
D3C1205-100090A018,1973/03/18,1205-1,18,Black and White,A,2 to 4 feet,6,2,Negative,90,1,29°59'52.80"N,120°29'13.20"E,30°16'15.60"N,119°07'04.80"E,29°55'33.60"N,122°10'12"E,29°46'44.40"N,122°09'14.40"E,29°57'14.40"N,119°12'36"E,29.998,120.487,30.271,119.118,29.926,122.17,29.779,122.154,29.954,119.21,D3C1205-100090A018
D3C1205-100090F015,1973/03/18,1205-1,15,Black and White,F,2 to 4 feet,6,2,Negative,90,1,30°20'34.80"N,120°34'19.20"E,30°36'57.60"N,119°19'40.80"E,30°15'39.60"N,122°16'01.20"E,30°06'54"N,122°14'42"E,30°19'01.20"N,119°10'12"E,30.343,120.572,30.616,119.328,30.261,122.267,30.115,122.245,30.317,119.17,D3C1205-100090F015
D3C1205-100090F016,1973/03/18,1205-1,16,Black and White,F,2 to 4 feet,6,2,Negative,90,1,30°12'14.40"N,120°32'56.40"E,30°28'33.60"N,119°18'21.60"E,30°07'15.60"N,122°14'24"E,29°58'30"N,122°13'04.80"E,30°10'40.80"N,119°08'52.80"E,30.204,120.549,30.476,119.306,30.121,122.24,29.975,122.218,30.178,119.148,D3C1205-100090F016
D3C1205-100090F017,1973/03/18,1205-1,17,Black and White,F,2 to 4 feet,6,2,Negative,90,1,30°03'50.40"N,120°31'30"E,30°20'09.60"N,119°16'58.80"E,29°58'55.20"N,122°12'46.80"E,29°50'09.60"N,122°11'27.60"E,30°02'16.80"N,119°07'33.60"E,30.064,120.525,30.336,119.283,29.982,122.213,29.836,122.191,30.038,119.126,D3C1205-100090F017
D3C1205-100090F018,1973/03/18,1205-1,18,Black and White,F,2 to 4 feet,6,2,Negative,90,1,29°55'30"N,120°30'00"E,30°11'49.20"N,119°15'39.60"E,29°50'34.80"N,122°11'13.20"E,29°41'49.20"N,122°09'54"E,29°53'56.40"N,119°06'14.40"E,29.925,120.5,30.197,119.261,29.843,122.187,29.697,122.165,29.899,119.104,D3C1205-100090F018
D3C1206-200213A032,1973/08/04,1206-2,32,Black and White,A,2 to 4 feet,6,2,Negative,213,1,30°32'31.20"N,118°50'27.60"E,30°51'32.40"N,116°38'49.20"E,30°29'49.20"N,120°44'34.80"E,30°12'18"N,120°34'30"E,30°41'06"N,116°38'52.80"E,30.542,118.841,30.859,116.647,30.497,120.743,30.205,120.575,30.685,116.648,D3C1206-200213A032
D3C1206-200213A033,1973/08/04,1206-2,33,Black and White,A,2 to 4 feet,6,2,Negative,213,1,30°24'03.60"N,118°48'39.60"E,30°43'01.20"N,116°37'08.40"E,30°21'25.20"N,120°42'36"E,30°03'50.40"N,120°32'31.20"E,30°32'34.80"N,116°37'12"E,30.401,118.811,30.717,116.619,30.357,120.71,30.064,120.542,30.543,116.62,D3C1206-200213A033
D3C1206-200213A034,1973/08/04,1206-2,34,Black and White,A,2 to 4 feet,6,2,Negative,213,1,30°15'36"N,118°46'48"E,30°34'33.60"N,116°35'31.20"E,30°12'57.60"N,120°40'33.60"E,29°55'22.80"N,120°30'32.40"E,30°24'07.20"N,116°35'31.20"E,30.26,118.78,30.576,116.592,30.216,120.676,29.923,120.509,30.402,116.592,D3C1206-200213A034
D3C1206-200213A035,1973/08/04,1206-2,35,Black and White,A,2 to 4 feet,6,2,Negative,213,1,30°07'12"N,118°44'49.20"E,30°26'06"N,116°33'50.40"E,30°04'33.60"N,120°38'31.20"E,29°46'58.80"N,120°28'33.60"E,30°15'36"N,116°33'50.40"E,30.12,118.747,30.435,116.564,30.076,120.642,29.783,120.476,30.26,116.564,D3C1206-200213A035
D3C1206-200213F031,1973/08/04,1206-2,31,Black and White,F,2 to 4 feet,6,2,Negative,213,1,30°34'08.40"N,118°52'55.20"E,30°56'09.60"N,116°43'04.80"E,30°29'52.80"N,120°39'32.40"E,30°10'30"N,120°43'04.80"E,30°46'01.20"N,116°40'15.60"E,30.569,118.882,30.936,116.718,30.498,120.659,30.175,120.718,30.767,116.671,D3C1206-200213F031
D3C1206-200213F032,1973/08/04,1206-2,32,Black and White,F,2 to 4 feet,6,2,Negative,213,1,30°25'40.80"N,118°51'03.60"E,30°47'42"N,116°41'24"E,30°21'28.80"N,120°37'33.60"E,30°02'06"N,120°41'06"E,30°37'33.60"N,116°38'34.80"E,30.428,118.851,30.795,116.69,30.358,120.626,30.035,120.685,30.626,116.643,D3C1206-200213F032
D3C1206-200213F033,1973/08/04,1206-2,33,Black and White,F,2 to 4 feet,6,2,Negative,213,1,30°17'13.20"N,118°49'08.40"E,30°39'14.40"N,116°39'43.20"E,30°13'01.20"N,120°35'31.20"E,29°53'38.40"N,120°39'03.60"E,30°29'02.40"N,116°36'57.60"E,30.287,118.819,30.654,116.662,30.217,120.592,29.894,120.651,30.484,116.616,D3C1206-200213F033
D3C1206-200213F034,1973/08/04,1206-2,34,Black and White,F,2 to 4 feet,6,2,Negative,213,1,30°08'45.60"N,118°47'24"E,30°30'43.20"N,116°38'06"E,30°04'37.20"N,120°33'32.40"E,29°45'10.80"N,120°37'04.80"E,30°20'34.80"N,116°35'16.80"E,30.146,118.79,30.512,116.635,30.077,120.559,29.753,120.618,30.343,116.588,D3C1206-200213F034
D3C1206-300362F031,1973/08/18,1206-3,31,Black and White,F,2 to 4 feet,6,2,Negative,362,1,30°33'00"N,118°54'54"E,30°51'25.20"N,117°15'07.20"E,30°27'21.60"N,120°36'57.60"E,30°14'20.40"N,120°37'22.80"E,30°38'56.40"N,117°10'33.60"E,30.55,118.915,30.857,117.252,30.456,120.616,30.239,120.623,30.649,117.176,D3C1206-300362F031
D3C1206-300362F032,1973/08/18,1206-3,32,Black and White,F,2 to 4 feet,6,2,Negative,362,1,30°24'32.40"N,118°53'16.80"E,30°42'57.60"N,117°13'30"E,30°18'57.60"N,120°35'02.40"E,30°05'52.80"N,120°35'27.60"E,30°30'28.80"N,117°09'00"E,30.409,118.888,30.716,117.225,30.316,120.584,30.098,120.591,30.508,117.15,D3C1206-300362F032
D3C1206-300362F033,1973/08/18,1206-3,33,Black and White,F,2 to 4 feet,6,2,Negative,362,1,30°16'04.80"N,118°51'25.20"E,30°34'30"N,117°11'56.40"E,30°10'30"N,120°33'07.20"E,29°57'25.20"N,120°33'32.40"E,30°21'57.60"N,117°07'22.80"E,30.268,118.857,30.575,117.199,30.175,120.552,29.957,120.559,30.366,117.123,D3C1206-300362F033
D3C1206-400656A001,1973/09/24,1206-4,1,Black and White,A,2 to 4 feet,6,2,Negative,656,1,30°19'40.80"N,120°24'28.80"E,30°33'25.20"N,119°16'19.20"E,30°16'58.80"N,121°43'12"E,30°07'48"N,121°41'42"E,30°18'25.20"N,119°18'39.60"E,30.328,120.408,30.557,119.272,30.283,121.72,30.13,121.695,30.307,119.311,D3C1206-400656A001
D3C1206-400656A002,1973/09/24,1206-4,2,Black and White,A,2 to 4 feet,6,2,Negative,656,1,30°09'14.40"N,120°42'14.40"E,30°21'39.60"N,119°39'25.20"E,30°07'22.80"N,121°52'19.20"E,29°58'04.80"N,121°50'34.80"E,30°08'24"N,119°40'48"E,30.154,120.704,30.361,119.657,30.123,121.872,29.968,121.843,30.14,119.68,D3C1206-400656A002
D3C1206-400656A003,1973/09/24,1206-4,3,Black and White,A,2 to 4 feet,6,2,Negative,656,1,30°00'36"N,120°40'30"E,30°13'01.20"N,119°37'48"E,29°58'44.40"N,121°50'27.60"E,29°49'26.40"N,121°48'46.80"E,29°59'45.60"N,119°39'10.80"E,30.01,120.675,30.217,119.63,29.979,121.841,29.824,121.813,29.996,119.653,D3C1206-400656A003
D3C1206-400656F001,1973/09/24,1206-4,1,Black and White,F,2 to 4 feet,6,2,Negative,656,1,30°15'18"N,120°24'46.80"E,30°29'42"N,119°20'52.80"E,30°11'31.20"N,121°43'26.40"E,30°02'20.40"N,121°42'14.40"E,30°15'25.20"N,119°15'00"E,30.255,120.413,30.495,119.348,30.192,121.724,30.039,121.704,30.257,119.25,D3C1206-400656F001
D3C1206-400656F002,1973/09/24,1206-4,2,Black and White,F,2 to 4 feet,6,2,Negative,656,1,30°04'37.20"N,120°43'15.60"E,30°17'56.40"N,119°43'44.40"E,30°01'37.20"N,121°52'37.20"E,29°52'12"N,121°51'36"E,30°05'16.80"N,119°39'07.20"E,30.077,120.721,30.299,119.729,30.027,121.877,29.87,121.86,30.088,119.652,D3C1206-400656F002
D3C1206-400656F003,1973/09/24,1206-4,3,Black and White,F,2 to 4 feet,6,2,Negative,656,1,29°56'02.40"N,120°41'27.60"E,30°09'18"N,119°42'07.20"E,29°52'58.80"N,121°50'49.20"E,29°43'37.20"N,121°49'48"E,29°56'38.40"N,119°37'30"E,29.934,120.691,30.155,119.702,29.883,121.847,29.727,121.83,29.944,119.625,D3C1206-400656F003
D3C1207-100082A021,1973/11/19,1207-1,21,Black and White,A,2 to 4 feet,6,2,Negative,82,1,30°23'31.20"N,119°52'55.20"E,30°42'03.60"N,118°29'13.20"E,30°16'51.60"N,121°36'25.20"E,30°07'55.20"N,121°35'06"E,30°22'30"N,118°34'19.20"E,30.392,119.882,30.701,118.487,30.281,121.607,30.132,121.585,30.375,118.572,D3C1207-100082A021
D3C1207-100082A022,1973/11/19,1207-1,22,Black and White,A,2 to 4 feet,6,2,Negative,82,1,30°15'00"N,119°51'07.20"E,30°33'28.80"N,118°27'32.40"E,30°08'20.40"N,121°34'30"E,29°59'24"N,121°33'14.40"E,30°13'55.20"N,118°32'38.40"E,30.25,119.852,30.558,118.459,30.139,121.575,29.99,121.554,30.232,118.544,D3C1207-100082A022
D3C1207-100082A023,1973/11/19,1207-1,23,Black and White,A,2 to 4 feet,6,2,Negative,82,1,30°06'28.80"N,119°49'22.80"E,30°24'57.60"N,118°25'51.60"E,29°59'49.20"N,121°32'34.80"E,29°50'52.80"N,121°31'19.20"E,30°05'24"N,118°30'57.60"E,30.108,119.823,30.416,118.431,29.997,121.543,29.848,121.522,30.09,118.516,D3C1207-100082A023
D3C1207-100082F021,1973/11/19,1207-1,21,Black and White,F,2 to 4 feet,6,2,Negative,82,1,30°19'08.40"N,119°53'42"E,30°37'26.40"N,118°37'55.20"E,30°11'52.80"N,121°37'19.20"E,30°02'56.40"N,121°35'42"E,30°19'22.80"N,118°27'43.20"E,30.319,119.895,30.624,118.632,30.198,121.622,30.049,121.595,30.323,118.462,D3C1207-100082F021
D3C1207-100082F022,1973/11/19,1207-1,22,Black and White,F,2 to 4 feet,6,2,Negative,82,1,30°10'33.60"N,119°52'01.20"E,30°28'51.60"N,118°36'18"E,30°03'21.60"N,121°35'24"E,29°54'25.20"N,121°33'46.80"E,30°10'48"N,118°26'06"E,30.176,119.867,30.481,118.605,30.056,121.59,29.907,121.563,30.18,118.435,D3C1207-100082F022
D3C1207-100082F023,1973/11/19,1207-1,23,Black and White,F,2 to 4 feet,6,2,Negative,82,1,30°02'02.40"N,119°50'13.20"E,30°20'20.40"N,118°34'40.80"E,29°54'50.40"N,121°33'32.40"E,29°45'54"N,121°31'55.20"E,30°02'16.80"N,118°24'28.80"E,30.034,119.837,30.339,118.578,29.914,121.559,29.765,121.532,30.038,118.408,D3C1207-100082F023
D3C1207-200191A003,1973/12/07,1207-2,3,Black and White,A,2 to 4 feet,6,2,Negative,191,1,30°20'06"N,120°32'13.20"E,30°38'31.20"N,118°47'24"E,30°14'38.40"N,122°19'04.80"E,30°01'58.80"N,122°14'16.80"E,30°25'08.40"N,118°48'28.80"E,30.335,120.537,30.642,118.79,30.244,122.318,30.033,122.238,30.419,118.808,D3C1207-200191A003
D3C1207-200191A004,1973/12/07,1207-2,4,Black and White,A,2 to 4 feet,6,2,Negative,191,1,30°11'27.60"N,120°30'18"E,30°29'49.20"N,118°45'36"E,30°06'00"N,122°16'58.80"E,29°53'20.40"N,122°12'10.80"E,30°16'26.40"N,118°46'40.80"E,30.191,120.505,30.497,118.76,30.1,122.283,29.889,122.203,30.274,118.778,D3C1207-200191A004
D3C1207-200191A005,1973/12/07,1207-2,5,Black and White,A,2 to 4 feet,6,2,Negative,191,1,30°02'45.60"N,120°28'26.40"E,30°21'07.20"N,118°43'48"E,29°57'21.60"N,122°14'56.40"E,29°44'42"N,122°10'08.40"E,30°07'48"N,118°44'52.80"E,30.046,120.474,30.352,118.73,29.956,122.249,29.745,122.169,30.13,118.748,D3C1207-200191A005
D3C1207-200191F003,1973/12/07,1207-2,3,Black and White,F,2 to 4 feet,6,2,Negative,191,1,30°14'31.20"N,120°32'49.20"E,30°34'44.40"N,118°51'36"E,30°07'19.20"N,122°16'40.80"E,29°54'00"N,122°16'51.60"E,30°22'01.20"N,118°46'40.80"E,30.242,120.547,30.579,118.86,30.122,122.278,29.9,122.281,30.367,118.778,D3C1207-200191F003
D3C1207-200191F004,1973/12/07,1207-2,4,Black and White,F,2 to 4 feet,6,2,Negative,191,1,30°05'52.80"N,120°30'54"E,30°26'06"N,118°49'48"E,29°58'40.80"N,122°14'38.40"E,29°45'21.60"N,122°14'49.20"E,30°13'22.80"N,118°44'52.80"E,30.098,120.515,30.435,118.83,29.978,122.244,29.756,122.247,30.223,118.748,D3C1207-200191F004
D3C1207-200191F005,1973/12/07,1207-2,5,Black and White,F,2 to 4 feet,6,2,Negative,191,1,29°57'10.80"N,120°28'55.20"E,30°17'24"N,118°48'00"E,29°50'02.40"N,122°12'32.40"E,29°36'43.20"N,122°12'43.20"E,30°04'40.80"N,118°43'04.80"E,29.953,120.482,30.29,118.8,29.834,122.209,29.612,122.212,30.078,118.718,D3C1207-200191F005
D3C1207-300330F012,1973/12/30,1207-3,12,Black and White,F,2 to 4 feet,6,2,Negative,330,1,30°14'31.20"N,120°47'06"E,30°27'54"N,119°48'28.80"E,30°11'52.80"N,121°47'42"E,30°01'04.80"N,121°46'55.20"E,30°17'24"N,119°45'21.60"E,30.242,120.785,30.465,119.808,30.198,121.795,30.018,121.782,30.29,119.756,D3C1207-300330F012
D3C1208-200141A018,1974/04/26,1208-2,18,Black and White,A,2 to 4 feet,6,2,Negative,141,1,30°17'42"N,120°43'26.40"E,30°33'57.60"N,118°52'48"E,30°14'27.60"N,122°55'12"E,30°04'22.80"N,122°52'48"E,30°15'03.60"N,118°58'48"E,30.295,120.724,30.566,118.88,30.241,122.92,30.073,122.88,30.251,118.98,D3C1208-200141A018
D3C1208-200141A019,1974/04/26,1208-2,19,Black and White,A,2 to 4 feet,6,2,Negative,141,1,30°09'21.60"N,120°42'18"E,30°25'33.60"N,118°51'36"E,30°06'03.60"N,122°54'00"E,29°55'58.80"N,122°51'36"E,30°06'43.20"N,118°57'36"E,30.156,120.705,30.426,118.86,30.101,122.9,29.933,122.86,30.112,118.96,D3C1208-200141A019
D3C1208-200141A020,1974/04/26,1208-2,20,Black and White,A,2 to 4 feet,6,2,Negative,141,1,30°00'54"N,120°40'48"E,30°17'09.60"N,118°50'24"E,29°57'39.60"N,122°52'12"E,29°47'34.80"N,122°49'48"E,29°58'15.60"N,118°56'24"E,30.015,120.68,30.286,118.84,29.961,122.87,29.793,122.83,29.971,118.94,D3C1208-200141A020
D3C1208-200141F017,1974/04/26,1208-2,17,Black and White,F,2 to 4 feet,6,2,Negative,141,1,30°21'10.80"N,120°45'46.80"E,30°38'16.80"N,119°02'24"E,30°16'37.20"N,122°56'24"E,30°06'18"N,122°56'24"E,30°20'09.60"N,118°54'00"E,30.353,120.763,30.638,119.04,30.277,122.94,30.105,122.94,30.336,118.9,D3C1208-200141F017
D3C1208-200141F018,1974/04/26,1208-2,18,Black and White,F,2 to 4 feet,6,2,Negative,141,1,30°12'43.20"N,120°44'34.80"E,30°29'49.20"N,119°01'12"E,30°08'09.60"N,122°55'12"E,29°57'50.40"N,122°55'12"E,30°11'42"N,118°52'48"E,30.212,120.743,30.497,119.02,30.136,122.92,29.964,122.92,30.195,118.88,D3C1208-200141F018
D3C1208-200141F019,1974/04/26,1208-2,19,Black and White,F,2 to 4 feet,6,2,Negative,141,1,30°04'19.20"N,120°43'12"E,30°21'21.60"N,119°00'36"E,29°59'45.60"N,122°53'24"E,29°49'30"N,122°53'24"E,30°03'18"N,118°51'36"E,30.072,120.72,30.356,119.01,29.996,122.89,29.825,122.89,30.055,118.86,D3C1208-200141F019
D3C1208-200141F020,1974/04/26,1208-2,20,Black and White,F,2 to 4 feet,6,2,Negative,141,1,29°55'55.20"N,120°42'00"E,30°12'57.60"N,118°59'24"E,29°51'21.60"N,122°52'12"E,29°41'06"N,122°52'12"E,29°54'54"N,118°50'24"E,29.932,120.7,30.216,118.99,29.856,122.87,29.685,122.87,29.915,118.84,D3C1208-200141F020
D3C1209-200157A034,1974/11/21,1209-2,34,Black and White,A,2 to 4 feet,6,2,Negative,157,1,30°17'24"N,120°58'04.80"E,30°34'40.80"N,119°16'12"E,30°12'39.60"N,122°42'00"E,30°00'21.60"N,122°37'12"E,30°21'39.60"N,119°17'24"E,30.29,120.968,30.578,119.27,30.211,122.7,30.006,122.62,30.361,119.29,D3C1209-200157A034
D3C1209-200157A035,1974/11/21,1209-2,35,Black and White,A,2 to 4 feet,6,2,Negative,157,1,30°09'00"N,120°55'58.80"E,30°26'13.20"N,119°14'24"E,30°04'15.60"N,122°39'36"E,29°52'01.20"N,122°35'24"E,30°13'12"N,119°15'36"E,30.15,120.933,30.437,119.24,30.071,122.66,29.867,122.59,30.22,119.26,D3C1209-200157A035
D3C1209-200157A036,1974/11/21,1209-2,36,Black and White,A,2 to 4 feet,6,2,Negative,157,1,30°00'36"N,120°54'14.40"E,30°17'49.20"N,119°12'36"E,29°55'55.20"N,122°37'48"E,29°43'37.20"N,122°33'36"E,30°04'48"N,119°13'48"E,30.01,120.904,30.297,119.21,29.932,122.63,29.727,122.56,30.08,119.23,D3C1209-200157A036
D3C1209-200157F034,1974/11/21,1209-2,34,Black and White,F,2 to 4 feet,6,2,Negative,157,1,30°11'52.80"N,120°58'40.80"E,30°30'57.60"N,119°19'48"E,30°05'31.20"N,122°39'36"E,29°52'33.60"N,122°39'36"E,30°18'32.40"N,119°15'36"E,30.198,120.978,30.516,119.33,30.092,122.66,29.876,122.66,30.309,119.26,D3C1209-200157F034
D3C1209-200157F035,1974/11/21,1209-2,35,Black and White,F,2 to 4 feet,6,2,Negative,157,1,30°03'25.20"N,120°56'52.80"E,30°22'30"N,119°18'36"E,29°57'07.20"N,122°37'48"E,29°44'09.60"N,122°37'48"E,30°10'04.80"N,119°13'48"E,30.057,120.948,30.375,119.31,29.952,122.63,29.736,122.63,30.168,119.23,D3C1209-200157F035
D3C1209-200157F036,1974/11/21,1209-2,36,Black and White,F,2 to 4 feet,6,2,Negative,157,1,29°55'04.80"N,120°54'46.80"E,30°14'06"N,119°16'48"E,29°48'43.20"N,122°35'24"E,29°35'49.20"N,122°36'00"E,30°01'40.80"N,119°12'00"E,29.918,120.913,30.235,119.28,29.812,122.59,29.597,122.6,30.028,119.2,D3C1209-200157F036
D3C1210-300523A012,1975/08/29,1210-3,12,Black and White,A,2 to 4 feet,6,2,Negative,523,1,30°12'43.20"N,121°11'16.80"E,30°30'00"N,119°26'24"E,30°08'20.40"N,122°58'12"E,29°55'40.80"N,122°53'24"E,30°16'37.20"N,119°27'36"E,30.212,121.188,30.5,119.44,30.139,122.97,29.928,122.89,30.277,119.46,D3C1210-300523A012
D3C1210-300523A013,1975/08/29,1210-3,13,Black and White,A,2 to 4 feet,6,2,Negative,523,1,30°04'01.20"N,121°09'28.80"E,30°21'18"N,119°24'36"E,29°59'38.40"N,122°56'24"E,29°46'58.80"N,122°51'36"E,30°07'55.20"N,119°25'48"E,30.067,121.158,30.355,119.41,29.994,122.94,29.783,122.86,30.132,119.43,D3C1210-300523A013
D3C1210-300523A014,1975/08/29,1210-3,14,Black and White,A,2 to 4 feet,6,2,Negative,523,1,29°55'19.20"N,121°07'26.40"E,30°12'36"N,119°22'48"E,29°51'00"N,122°54'00"E,29°38'20.40"N,122°49'48"E,29°59'13.20"N,119°24'00"E,29.922,121.124,30.21,119.38,29.85,122.9,29.639,122.83,29.987,119.4,D3C1210-300523A014
D3C1210-300523F011,1975/08/29,1210-3,11,Black and White,F,2 to 4 feet,6,2,Negative,523,1,30°15'46.80"N,121°13'40.80"E,30°34'58.80"N,119°32'24"E,30°09'39.60"N,122°57'36"E,29°56'24"N,122°58'12"E,30°22'12"N,119°27'36"E,30.263,121.228,30.583,119.54,30.161,122.96,29.94,122.97,30.37,119.46,D3C1210-300523F011
D3C1210-300523F012,1975/08/29,1210-3,12,Black and White,F,2 to 4 feet,6,2,Negative,523,1,30°07'04.80"N,121°11'56.40"E,30°26'16.80"N,119°30'36"E,30°01'01.20"N,122°55'48"E,29°47'42"N,122°55'48"E,30°13'30"N,119°25'48"E,30.118,121.199,30.438,119.51,30.017,122.93,29.795,122.93,30.225,119.43,D3C1210-300523F012
D3C1210-300523F013,1975/08/29,1210-3,13,Black and White,F,2 to 4 feet,6,2,Negative,523,1,29°58'26.40"N,121°10'04.80"E,30°17'34.80"N,119°28'48"E,29°52'19.20"N,122°54'00"E,29°39'03.60"N,122°54'00"E,30°04'48"N,119°24'00"E,29.974,121.168,30.293,119.48,29.872,122.9,29.651,122.9,30.08,119.4,D3C1210-300523F013
D3C1211-100088A020,1975/12/18,1211-1,20,Black and White,A,2 to 4 feet,6,2,Negative,88,1,30°16'58.80"N,120°18'32.40"E,30°34'04.80"N,118°33'36"E,30°12'46.80"N,122°04'48"E,30°00'07.20"N,122°00'36"E,30°20'45.60"N,118°35'24"E,30.283,120.309,30.568,118.56,30.213,122.08,30.002,122.01,30.346,118.59,D3C1211-100088A020
D3C1211-100088A021,1975/12/18,1211-1,21,Black and White,A,2 to 4 feet,6,2,Negative,88,1,30°08'20.40"N,120°16'44.40"E,30°25'26.40"N,118°32'24"E,30°04'12"N,122°03'00"E,29°51'32.40"N,121°58'12"E,30°12'07.20"N,118°33'36"E,30.139,120.279,30.424,118.54,30.07,122.05,29.859,121.97,30.202,118.56,D3C1211-100088A021
D3C1211-100088A022,1975/12/18,1211-1,22,Black and White,A,2 to 4 feet,6,2,Negative,88,1,29°59'45.60"N,120°14'45.60"E,30°16'51.60"N,118°30'36"E,29°55'33.60"N,122°01'12"E,29°42'57.60"N,121°56'24"E,30°03'28.80"N,118°31'48"E,29.996,120.246,30.281,118.51,29.926,122.02,29.716,121.94,30.058,118.53,D3C1211-100088A022
D3C1212-300554A022,1976/09/13,1212-3,22,Black and White,A,2 to 4 feet,6,2,Negative,554,1,30°21'25.20"N,119°54'10.80"E,30°39'50.40"N,118°09'36"E,30°15'50.40"N,121°40'48"E,30°03'18"N,121°36'00"E,30°26'31.20"N,118°10'48"E,30.357,119.903,30.664,118.16,30.264,121.68,30.055,121.6,30.442,118.18,D3C1212-300554A022
D3C1212-300554A023,1976/09/13,1212-3,23,Black and White,A,2 to 4 feet,6,2,Negative,554,1,30°12'43.20"N,119°52'26.40"E,30°31'08.40"N,118°07'48"E,30°07'12"N,121°39'00"E,29°54'36"N,121°34'12"E,30°17'49.20"N,118°09'00"E,30.212,119.874,30.519,118.13,30.12,121.65,29.91,121.57,30.297,118.15,D3C1212-300554A023
D3C1212-300554A024,1976/09/13,1212-3,24,Black and White,A,2 to 4 feet,6,2,Negative,554,1,30°04'01.20"N,119°50'20.40"E,30°22'26.40"N,118°06'00"E,29°58'33.60"N,121°36'36"E,29°45'57.60"N,121°31'48"E,30°09'07.20"N,118°07'12"E,30.067,119.839,30.374,118.1,29.976,121.61,29.766,121.53,30.152,118.12,D3C1212-300554A024
D3C1214-100071A114,1978/03/23,1214-1,114,Black and White,A,2 to 4 feet,6,2,Negative,71,1,30°27'00"N,119°09'50.40"E,30°44'42"N,117°23'52.80"E,30°22'22.80"N,120°57'50.40"E,30°09'36"N,120°53'09.60"E,30°31'12"N,117°25'04.80"E,30.45,119.164,30.745,117.398,30.373,120.964,30.16,120.886,30.52,117.418,D3C1214-100071A114
D3C1214-100071A115,1978/03/23,1214-1,115,Black and White,A,2 to 4 feet,6,2,Negative,71,1,30°18'14.40"N,119°08'02.40"E,30°35'56.40"N,117°22'08.40"E,30°13'37.20"N,120°55'51.60"E,30°00'50.40"N,120°51'10.80"E,30°22'26.40"N,117°23'24"E,30.304,119.134,30.599,117.369,30.227,120.931,30.014,120.853,30.374,117.39,D3C1214-100071A115
D3C1215-200553A016,1979/05/16,1215-2,16,Black and White,A,2 to 4 feet,6,2,Negative,553,1,30°27'46.80"N,119°22'44.40"E,30°46'01.20"N,117°32'24"E,30°23'06"N,121°15'14.40"E,30°09'50.40"N,121°10'19.20"E,30°31'58.80"N,117°33'46.80"E,30.463,119.379,30.767,117.54,30.385,121.254,30.164,121.172,30.533,117.563,D3C1215-200553A016
D3C1215-200553A017,1979/05/16,1215-2,17,Black and White,A,2 to 4 feet,6,2,Negative,553,1,30°18'43.20"N,119°20'56.40"E,30°36'57.60"N,117°30'39.60"E,30°14'06"N,121°13'08.40"E,30°00'46.80"N,121°08'16.80"E,30°22'55.20"N,117°32'02.40"E,30.312,119.349,30.616,117.511,30.235,121.219,30.013,121.138,30.382,117.534,D3C1215-200553A017
D3C1215-200553A018,1979/05/16,1215-2,18,Black and White,A,2 to 4 feet,6,2,Negative,553,1,30°09'39.60"N,119°19'01.20"E,30°27'50.40"N,117°28'55.20"E,30°05'02.40"N,121°11'06"E,29°51'43.20"N,121°06'10.80"E,30°13'48"N,117°30'14.40"E,30.161,119.317,30.464,117.482,30.084,121.185,29.862,121.103,30.23,117.504,D3C1215-200553A018
D3C1215-401419A009,1979/09/12,1215-4,9,Black and White,A,2 to 4 feet,6,2,Negative,1419,1,30°21'25.20"N,120°27'18"E,30°39'28.80"N,118°36'50.40"E,30°16'58.80"N,122°19'55.20"E,30°03'39.60"N,122°15'03.60"E,30°25'22.80"N,118°38'13.20"E,30.357,120.455,30.658,118.614,30.283,122.332,30.061,122.251,30.423,118.637,D3C1215-401419A009
D3C1215-401419A010,1979/09/12,1215-4,10,Black and White,A,2 to 4 feet,6,2,Negative,1419,1,30°12'14.40"N,120°25'33.60"E,30°30'14.40"N,118°35'06"E,30°07'51.60"N,122°17'49.20"E,29°54'28.80"N,122°12'57.60"E,30°16'12"N,118°36'28.80"E,30.204,120.426,30.504,118.585,30.131,122.297,29.908,122.216,30.27,118.608,D3C1215-401419A010
D3C1215-401419A011,1979/09/12,1215-4,11,Black and White,A,2 to 4 feet,6,2,Negative,1419,1,30°03'03.60"N,120°23'34.80"E,30°21'03.60"N,118°33'25.20"E,29°58'40.80"N,122°15'46.80"E,29°45'21.60"N,122°10'55.20"E,30°07'01.20"N,118°34'44.40"E,30.051,120.393,30.351,118.557,29.978,122.263,29.756,122.182,30.117,118.579,D3C1215-401419A011
D3C1216-401220A025,1981/02/10,1216-4,25,Black and White,A,2 to 4 feet,6,2,Negative,1220,1,30°19'55.20"N,119°21'21.60"E,30°30'43.20"N,118°42'14.40"E,30°20'42"N,120°04'44.40"E,30°10'44.40"N,120°04'01.20"E,30°16'33.60"N,118°43'37.20"E,30.332,119.356,30.512,118.704,30.345,120.079,30.179,120.067,30.276,118.727,D3C1216-401220A025
D3C1219-100369A014,1984/08/04,1219-1,14,Black and White,A,2 to 4 feet,6,2,Negative,369,1,30°14'16.80"N,121°13'55.20"E,30°27'54"N,120°02'24"E,30°13'15.60"N,122°27'14.40"E,30°00'50.40"N,122°23'52.80"E,30°15'03.60"N,120°02'24"E,30.238,121.232,30.465,120.04,30.221,122.454,30.014,122.398,30.251,120.04,D3C1219-100369A014
D3C1219-100369A015,1984/08/04,1219-1,15,Black and White,A,2 to 4 feet,6,2,Negative,369,1,30°03'50.40"N,121°11'45.60"E,30°17'27.60"N,120°00'21.60"E,30°02'52.80"N,122°24'54"E,29°50'24"N,122°21'36"E,30°04'37.20"N,120°00'21.60"E,30.064,121.196,30.291,120.006,30.048,122.415,29.84,122.36,30.077,120.006,D3C1219-100369A015
D3C1219-100369A016,1984/08/04,1219-1,16,Black and White,A,2 to 4 feet,6,2,Negative,369,1,29°53'27.60"N,121°09'32.40"E,30°07'01.20"N,119°58'19.20"E,29°52'26.40"N,122°22'37.20"E,29°40'01.20"N,122°19'19.20"E,29°54'10.80"N,119°58'19.20"E,29.891,121.159,30.117,119.972,29.874,122.377,29.667,122.322,29.903,119.972,D3C1219-100369A016
